{
  "runway": 0.049377719314305575,
  "runway_uncertainty": 0.2747776164383879,
  "qoh": 0.0494504787479028,
  "qoh_uncertainty": 0.12409613913565905,
  "usage": 0.17735702752920723,
  "usage_uncertainty": 0.1756163482804738,
  "clinical": 0.13645787572090307,
  "reputation": 0.012866794833160777
}