{
  "runway": 0.0007363018667441596,
  "runway_uncertainty": 0.365527256401477,
  "qoh": 0.0007363018667441596,
  "qoh_uncertainty": 0.1683594519316176,
  "usage": 0.1311902210763668,
  "usage_uncertainty": 0.2129643117097387,
  "clinical": 0.10192356838642995,
  "reputation": 0.018562586760881575
}