{
  "runway": 0.06583611818167776,
  "runway_uncertainty": 0.24779842478816055,
  "qoh": 0.06594192945710438,
  "qoh_uncertainty": 0.12304778137946332,
  "usage": 0.17137659634014035,
  "usage_uncertainty": 0.16342552457917447,
  "clinical": 0.13242657778365916,
  "reputation": 0.030147047490620048
}