{
  "runway": 0.0006959824964823946,
  "runway_uncertainty": 0.34603416352079946,
  "qoh": 0.0006959824964823946,
  "qoh_uncertainty": 0.1589067369453509,
  "usage": 0.15153618966371155,
  "usage_uncertainty": 0.2073845103773008,
  "clinical": 0.11898297425731384,
  "reputation": 0.015763460242558584
}