{
  "runway": 0.0006826965623977769,
  "runway_uncertainty": 0.4157119397612406,
  "qoh": 0.0006826965623977769,
  "qoh_uncertainty": 0.11977657393139808,
  "usage": 0.15372280698358762,
  "usage_uncertainty": 0.1545026856765328,
  "clinical": 0.13834177012343607,
  "reputation": 0.01657883039900914
}