{
  "runway": 0.06438316360715532,
  "runway_uncertainty": 0.3342199794111091,
  "qoh": 0.06457724711777904,
  "qoh_uncertainty": 0.077834216848902,
  "usage": 0.20145481803988718,
  "usage_uncertainty": 0.0788009255338696,
  "clinical": 0.1335488703513267,
  "reputation": 0.04518077908997121
}