{
  "runway": 0.0006985704687829925,
  "runway_uncertainty": 0.3784749419272718,
  "qoh": 0.0006985704687829925,
  "qoh_uncertainty": 0.16129492564527564,
  "usage": 0.13225883080672676,
  "usage_uncertainty": 0.20258422479260343,
  "clinical": 0.10570776502787288,
  "reputation": 0.01828217086268359
}