{
  "runway": 0.0007411322432209892,
  "runway_uncertainty": 0.4119874534806815,
  "qoh": 0.0007411322432209892,
  "qoh_uncertainty": 0.12850119742521926,
  "usage": 0.14787556873319976,
  "usage_uncertainty": 0.16227784929721153,
  "clinical": 0.13061576891701196,
  "reputation": 0.017259897660233964
}