{
  "runway": 0.0006646987084133904,
  "runway_uncertainty": 0.40291208771576914,
  "qoh": 0.0006646987084133904,
  "qoh_uncertainty": 0.1371326916113608,
  "usage": 0.14494245626155483,
  "usage_uncertainty": 0.17296012481573944,
  "clinical": 0.12434485878606528,
  "reputation": 0.01637838339268369
}