{
  "runway": 0.07587455621073919,
  "runway_uncertainty": 0.32312724928079495,
  "qoh": 0.07603450942984949,
  "qoh_uncertainty": 0.0708576766294595,
  "usage": 0.2011364937670951,
  "usage_uncertainty": 0.056422337153437974,
  "clinical": 0.1383676579555424,
  "reputation": 0.058179519573081505
}