{
  "runway": 0.0006593259137701733,
  "runway_uncertainty": 0.41052322252716644,
  "qoh": 0.0006593259137701733,
  "qoh_uncertainty": 0.12838270968171056,
  "usage": 0.14988945059545355,
  "usage_uncertainty": 0.16256729603498196,
  "clinical": 0.13148129280338913,
  "reputation": 0.01583737652975787
}