{
  "runway": 0.07576860820014994,
  "runway_uncertainty": 0.22609936923512852,
  "qoh": 0.07586341607251763,
  "qoh_uncertainty": 0.12461026422775932,
  "usage": 0.15831755904528552,
  "usage_uncertainty": 0.15848546718912399,
  "clinical": 0.1309362402630956,
  "reputation": 0.04991907576693949
}