{
  "runway": 0.0006575085652958365,
  "runway_uncertainty": 0.3934086667913047,
  "qoh": 0.0006575085652958365,
  "qoh_uncertainty": 0.14682000533549822,
  "usage": 0.13981968266034797,
  "usage_uncertainty": 0.18478131043823232,
  "clinical": 0.1168658517591824,
  "reputation": 0.01698946588484264
}