{
  "runway": 0.04040642574147795,
  "runway_uncertainty": 0.27495834677533665,
  "qoh": 0.04049095347816805,
  "qoh_uncertainty": 0.1317113631636054,
  "usage": 0.17788266741942962,
  "usage_uncertainty": 0.1867681509137654,
  "clinical": 0.13620305840295624,
  "reputation": 0.01157903410526063
}