{
  "runway": 0.0007000354340622147,
  "runway_uncertainty": 0.4135262558403137,
  "qoh": 0.0007000354340622147,
  "qoh_uncertainty": 0.12529075080433688,
  "usage": 0.1498509966460899,
  "usage_uncertainty": 0.1593776029638037,
  "clinical": 0.13341114246099384,
  "reputation": 0.01714318041633763
}