{
  "runway": 0.0006755993680683977,
  "runway_uncertainty": 0.41801711873210795,
  "qoh": 0.0006755993680683977,
  "qoh_uncertainty": 0.1139213741785083,
  "usage": 0.15827381445223873,
  "usage_uncertainty": 0.14891811649626344,
  "clinical": 0.1435035352783152,
  "reputation": 0.016014842126429504
}