{
  "runway": 0.06440244481038138,
  "runway_uncertainty": 0.33638303651878665,
  "qoh": 0.06459445905076143,
  "qoh_uncertainty": 0.07617194561365173,
  "usage": 0.2010695779828365,
  "usage_uncertainty": 0.07829113128525365,
  "clinical": 0.13364343744678328,
  "reputation": 0.04544396729154547
}