{
  "runway": 0.0006706277815151525,
  "runway_uncertainty": 0.4150813416983518,
  "qoh": 0.0006706277815151525,
  "qoh_uncertainty": 0.12295144662723335,
  "usage": 0.1529302895853869,
  "usage_uncertainty": 0.1560620814611853,
  "clinical": 0.13589492823469684,
  "reputation": 0.015738656830115588
}