{
  "runway": 0.06749299039670954,
  "runway_uncertainty": 0.3265600607072258,
  "qoh": 0.06767067319986712,
  "qoh_uncertainty": 0.07842621345420797,
  "usage": 0.19678432637267623,
  "usage_uncertainty": 0.08040283060154889,
  "clinical": 0.1325556875173134,
  "reputation": 0.05010721775045112
}