{
  "runway": 0.0007269807569317475,
  "runway_uncertainty": 0.40847494174643406,
  "qoh": 0.0007269807569317475,
  "qoh_uncertainty": 0.10605830029440641,
  "usage": 0.17009493962961256,
  "usage_uncertainty": 0.13888832086543232,
  "clinical": 0.158991332894022,
  "reputation": 0.016038203056229206
}