{
  "runway": 0.0006717654861548765,
  "runway_uncertainty": 0.32527378448483646,
  "qoh": 0.0006717654861548765,
  "qoh_uncertainty": 0.15495976895124677,
  "usage": 0.16724379007747317,
  "usage_uncertainty": 0.20650539974988663,
  "clinical": 0.1306768790939827,
  "reputation": 0.013996846670264516
}