{
  "runway": 0.0007210145162196101,
  "runway_uncertainty": 0.3581168909650949,
  "qoh": 0.0007210145162196101,
  "qoh_uncertainty": 0.1639133463505924,
  "usage": 0.13984009601190608,
  "usage_uncertainty": 0.2100541340652403,
  "clinical": 0.10932588771493619,
  "reputation": 0.01730761585979073
}