{
  "runway": 0.07234978637894604,
  "runway_uncertainty": 0.31869727250151964,
  "qoh": 0.07251351150448654,
  "qoh_uncertainty": 0.07855035953135767,
  "usage": 0.19513231743343948,
  "usage_uncertainty": 0.07199683124415657,
  "clinical": 0.1338849661404131,
  "reputation": 0.05687495526568099
}