{
  "runway": 0.001813288363791499,
  "runway_uncertainty": 0.40971848455572374,
  "qoh": 0.0018381758512072469,
  "qoh_uncertainty": 0.10791864815378846,
  "usage": 0.1667566750853941,
  "usage_uncertainty": 0.14727955894675576,
  "clinical": 0.14979541474923225,
  "reputation": 0.014879754294107025
}