{
  "runway": 0.07697452057823244,
  "runway_uncertainty": 0.31081869861458533,
  "qoh": 0.07712513490573028,
  "qoh_uncertainty": 0.07902253415244356,
  "usage": 0.19352578454567704,
  "usage_uncertainty": 0.06431617519776045,
  "clinical": 0.135111359589977,
  "reputation": 0.06310579241559398
}