{
  "runway": 0.056195869043508276,
  "runway_uncertainty": 0.2642991214453889,
  "qoh": 0.05628811568085507,
  "qoh_uncertainty": 0.12322979481370412,
  "usage": 0.17695347666009117,
  "usage_uncertainty": 0.16937701315317494,
  "clinical": 0.13477258663919117,
  "reputation": 0.0188840225640863
}